Question,Answer
"* **Refined:**  While JavaScript offers a lot of flexibility, why is OOP still a valuable approach, particularly when considering its benefits like code organization, reusability, and maintainability, as demonstrated in the JSWindows library's emphasis on capabilities and composition?","The text you provided highlights the value of OOP in JavaScript, even with its flexibility. Here's why:

* **Code Organization:** OOP promotes a structured approach to code, breaking down complex systems into manageable, reusable components (objects). This makes code easier to understand, modify, and debug. The JSWindows library exemplifies this by using capabilities and composition to organize its functionality.
* **Reusability:** OOP encourages the creation of reusable components (objects and classes). This reduces redundancy and promotes code sharing, leading to faster development and fewer errors. The JSWindows library leverages this by defining capabilities that can be reused across different window types.
* **Maintainability:** Well-organized OOP code is easier to maintain. Changes to one part of the system are less likely to affect other parts, making it easier to fix bugs and add new features. The JSWindows library's emphasis on composition allows for modularity, making it easier to modify or extend specific functionalities without affecting the entire system.

While JavaScript's flexibility allows for alternative approaches, OOP provides a valuable framework for building complex applications, especially when considering the benefits of code organization, reusability, and maintainability. The JSWindows library serves as a practical example of how OOP principles can be effectively applied in JavaScript to create a robust and maintainable system. 
"
"* **Refined:** How does JavaScript's approach to OOP, which blends class-based and prototypal concepts, differ from traditional class-based OOP languages like C++ and Java, as exemplified by the JSWindows library's use of capabilities and its unique approach to inheritance?","JavaScript's approach to OOP, as exemplified by the JSWindows library, differs from traditional class-based OOP languages like C++ and Java in several key ways:

**1. Prototypal Inheritance vs. Class-Based Inheritance:**

* **Class-based:** C++ and Java use class-based inheritance. Classes act as blueprints for objects, and inheritance is achieved by creating subclasses that inherit properties and methods from their parent classes.
* **Prototypal:** JavaScript uses prototypal inheritance. Objects inherit properties and methods from their prototypes, which are also objects. This allows for more flexible and dynamic inheritance, as prototypes can be modified at runtime.

**2. Capabilities in JSWindows:**

* **JSWindows:** The JSWindows library introduces the concept of ""capabilities,"" which are essentially traits or mixins that can be added to objects to extend their functionality. This allows for more modular and reusable code, as capabilities can be applied to different objects without requiring inheritance.
* **C++ and Java:** These languages don't have a direct equivalent to capabilities. While they allow for multiple inheritance, it's often considered a complex and potentially problematic feature.

**3. Unique Inheritance Approach:**

* **JSWindows:** JSWindows uses a combination of prototypal inheritance and capabilities to achieve a unique approach to inheritance. Objects can inherit from prototypes and also have capabilities added to them, providing a flexible and powerful way to extend functionality.
* **C++ and Java:** These languages rely solely on class-based inheritance, which can be more rigid and less flexible than the approach used in JSWindows.

**In summary:**

JavaScript's prototypal inheritance and the use of capabilities in JSWindows provide a more flexible and dynamic approach to OOP compared to traditional class-based languages like C++ and Java. This allows for more modular and reusable code, as well as a more dynamic and adaptable system for extending object functionality.
"
"* **Refined:** Explain the two primary methods for creating objects in JavaScript without relying on a constructor, as demonstrated in the JSWindows library. Provide code examples for each technique, highlighting their differences and when you might choose one over the other, considering the library's emphasis on ""ex nihilo"" object creation.","The JSWindows library emphasizes the creation of objects ""from nothing"" (ex nihilo), which means creating objects without relying on a constructor function. Here are the two primary methods for achieving this:

**1. Object Literals**

   - **Concept:** Object literals are a concise and readable way to define objects directly within your code. They use curly braces `{}` to enclose key-value pairs, where keys are property names (strings) and values can be any valid JavaScript data type.

   - **Example:**

     ```javascript
     const myWindow = {
         width: 400,
         height: 300,
         title: ""My Window"",
         isVisible: true,
         // ... other properties
     };
     ```

   - **Advantages:**
     - **Simplicity:** Easy to understand and write.
     - **Readability:** Code is clear and self-explanatory.
     - **Flexibility:** You can add or modify properties dynamically.

   - **When to use:**
     - When you need a single, unique object with specific properties.
     - When you want to define an object directly within your code, rather than using a constructor function.

**2. Object.create()**

   - **Concept:** The `Object.create()` method allows you to create a new object that inherits properties from a prototype object. This is useful for creating objects that share common properties and behaviors.

   - **Example:**

     ```javascript
     const baseWindow = {
         isVisible: true,
         show: function() {
             console.log(""Window is now visible"");
         }
     };

     const myWindow = Object.create(baseWindow);
     myWindow.width = 400;
     myWindow.height = 300;
     myWindow.title = ""My Window"";

     myWindow.show(); // Output: ""Window is now visible""
     ```

   - **Advantages:**
     - **Inheritance:** Allows you to create objects that inherit properties and methods from a prototype.
     - **Code Reusability:** Reduces code duplication by sharing common functionality.

   - **When to use:**
     - When you need to create multiple objects that share common properties and behaviors.
     - When you want to leverage the power of prototypal inheritance in JavaScript.

**JSWindows and Ex Nihilo Object Creation**

The JSWindows library heavily utilizes both object literals and `Object.create()` to create objects ""from nothing."" This approach promotes flexibility and avoids the overhead of traditional class-based inheritance.

- **Object Literals:** Used for defining simple objects with specific properties, like window dimensions, positions, and styles.

- **Object.create():** Used for creating objects that inherit from a base prototype, like `Window` or `Rect`, which provides common functionality and properties.

By embracing these techniques, JSWindows achieves a lightweight and adaptable design, allowing developers to create complex UI elements without the constraints of traditional class-based inheritance.
"
"* **Refined:**  Explain the distinction between data properties and methods in JavaScript objects, using examples from the JSWindows library to illustrate how they contribute to object functionality, considering the library's use of capabilities and its approach to extending objects.","In JavaScript objects, the distinction between data properties and methods is crucial for understanding how objects function. 

**Data Properties:**

* **Definition:** Data properties hold the object's state or information. They are essentially variables associated with the object.
* **Example:** In the JSWindows library, a `Window` object might have data properties like `width`, `height`, `positionX`, and `positionY` to store its dimensions and location on the screen.

**Methods:**

* **Definition:** Methods are functions associated with an object that define its behavior or actions. They operate on the object's data properties.
* **Example:** A `Window` object in JSWindows might have methods like `move()`, `resize()`, and `close()`, which manipulate the `width`, `height`, `positionX`, and `positionY` properties to change the window's appearance and behavior.

**JSWindows Library and Capabilities:**

The JSWindows library utilizes capabilities to extend object functionality without relying solely on inheritance. Capabilities are essentially mixins that add specific behaviors and properties to objects.

* **Example:** The `Closable` capability in JSWindows adds the ability for a `Window` object to be closed. It might introduce a new data property like `closeButton` and a method like `closeWindow()`.

**Extending Objects with Capabilities:**

The JSWindows library uses capabilities to extend objects in a flexible way. Instead of creating a new subclass for each variation of a `Window` (e.g., `ClosableWindow`, `MovableWindow`), it allows objects to dynamically acquire capabilities as needed.

* **Example:** A `Window` object can be made `Closable` by simply calling `window.implements('Closable')`. This adds the `Closable` capability's properties and methods to the `Window` object without creating a new subclass.

**Summary:**

* Data properties store an object's state, while methods define its actions.
* The JSWindows library uses capabilities to extend object functionality in a flexible way, allowing objects to acquire new behaviors and properties dynamically.
* This approach promotes code reusability and avoids the complexity of traditional inheritance hierarchies. 
"
"* **Refined:**  When creating objects using constructors in JavaScript, what role does the `new` operator play? Explain its significance in the object creation process, as demonstrated in the JSWindows library, considering the library's use of constructors and its approach to inheritance.","The `new` operator in JavaScript plays a crucial role in object creation using constructors. It acts as a facilitator, orchestrating the process of creating a new object based on a constructor function. Here's how it works, with a focus on the JSWindows library:

**1. Object Initialization:**

   - The `new` operator first creates an empty object. This object will become the instance of the class being constructed.

**2. Constructor Execution:**

   - The `new` operator then calls the constructor function, passing the newly created empty object as the `this` parameter. 

**3. Property Assignment:**

   - Inside the constructor function, the `this` keyword refers to the newly created object. The constructor function uses `this` to assign properties and values to the object. This is where the object gets its initial state.

**4. Prototype Connection:**

   - The `new` operator also establishes a link between the newly created object and the constructor's prototype. This connection allows the object to inherit properties and methods from the prototype.

**JSWindows and Inheritance:**

   - The JSWindows library demonstrates a practical application of constructors and inheritance. It uses constructors to define various window types, such as `Window`, `Closable`, `Movable`, `Button_sizable`, and `Maskable`.
   - The library leverages inheritance to create a hierarchy of window types. For example, a `Closable` window inherits properties and methods from the `Window` prototype, adding its own specific capabilities.
   - The `new` operator is essential in this process. It creates instances of these window types, ensuring that each instance inherits the appropriate properties and methods from its parent prototypes.

**In Summary:**

   - The `new` operator is the key to creating objects using constructors in JavaScript. It initializes the object, executes the constructor function, assigns properties, and establishes the inheritance link to the prototype.
   - The JSWindows library exemplifies how constructors and inheritance, facilitated by the `new` operator, can be used to create a flexible and extensible system of objects.
"
"* **Refined:** Describe the concept of the prototype chain in JavaScript, as demonstrated in the JSWindows library. How does this chain facilitate inheritance, and what is its role in the lookup process for object properties, considering the library's approach to inheritance and its use of capabilities?","The JSWindows library utilizes a prototype-based approach to inheritance, which relies heavily on the concept of the prototype chain. Here's a breakdown of how it works:

**Prototype Chain:**

* **The Foundation:** Every object in JavaScript has a hidden property called `[[Prototype]]` (not directly accessible). This property points to another object, which is its prototype.
* **The Chain:** This prototype object itself might have its own `[[Prototype]]`, forming a chain of objects linked by their prototypes. This chain eventually ends at `Object.prototype`, which has no prototype.
* **Lookup Process:** When you try to access a property on an object, JavaScript first checks if the property exists directly on the object. If not, it traverses the prototype chain, looking for the property on each prototype object in the chain.

**Inheritance in JSWindows:**

* **Prototype Inheritance:** JSWindows leverages this prototype chain for inheritance. When you create a new object type (e.g., a `Window` object), you can set its prototype to an existing object type (e.g., a `BaseWindow` object). This means that instances of the `Window` object will inherit properties and methods from the `BaseWindow` object.
* **Capabilities:** JSWindows uses the concept of ""capabilities"" to represent specific functionalities or behaviors. These capabilities are implemented as functions that are added to the prototypes of objects. When an object inherits from another object, it inherits the capabilities defined in the parent object's prototype.

**Lookup Process in JSWindows:**

1. **Direct Property:** When you access a property on a JSWindows object, JavaScript first checks if the property exists directly on the object itself.
2. **Prototype Chain:** If the property isn't found directly, JavaScript traverses the prototype chain, starting with the object's own prototype. It looks for the property on each prototype object in the chain.
3. **Capabilities:** If the property is a capability, JavaScript will find the corresponding function on the prototype chain. This function represents the implementation of the capability.

**Example:**

Imagine a `Window` object that inherits from a `BaseWindow` object. The `BaseWindow` object has a capability called `close()`. When you call `window.close()`, JavaScript:

1. Checks if `close()` exists directly on the `Window` object.
2. Since it doesn't, it moves to the `Window` object's prototype, which is the `BaseWindow` object.
3. It finds the `close()` function on the `BaseWindow` object's prototype.
4. The `close()` function is executed, closing the window.

**Key Points:**

* The prototype chain is a fundamental mechanism for inheritance in JavaScript.
* JSWindows utilizes this chain to implement inheritance and capabilities.
* The lookup process for object properties involves traversing the prototype chain to find the property or capability.

This approach allows for efficient code reuse and a flexible inheritance model in the JSWindows library.
"
"* **Refined:** While JavaScript borrows concepts from classical OOP, it has its own unique characteristics. Explain how JavaScript's object model differs from traditional class-based OOP languages, particularly in terms of flexibility and the role of prototypes, as demonstrated in the JSWindows library's use of capabilities and its approach to inheritance.","JavaScript's object model diverges from traditional class-based OOP languages like Java or C++ in several key ways, offering a more flexible and dynamic approach to object creation and inheritance. Here's a breakdown of the differences, focusing on the JSWindows library as an example:

**1. Prototypal Inheritance vs. Class-Based Inheritance:**

* **Class-Based OOP:**  Objects are created as instances of predefined classes. Inheritance is achieved through a hierarchical structure where subclasses inherit properties and methods from their parent classes.
* **JavaScript:**  Objects are created through prototypes. A prototype is an object that serves as a template for other objects. Inheritance occurs when an object inherits properties and methods from its prototype. This allows for more flexible inheritance patterns, as objects can inherit from multiple prototypes.

**2. Flexibility and Dynamic Nature:**

* **Class-Based OOP:**  Objects are typically defined at compile time, and their structure is fixed.  Adding or removing properties or methods after creation is often restricted.
* **JavaScript:**  Objects are highly dynamic. You can add, remove, or modify properties and methods of an object at runtime. This flexibility allows for more adaptable and responsive code.

**3. The Role of Prototypes:**

* **Class-Based OOP:**  Classes act as blueprints for objects, defining their structure and behavior.
* **JavaScript:**  Prototypes are the core of object creation and inheritance. They provide a mechanism for sharing properties and methods among objects.  

**JSWindows Example:**

The JSWindows library demonstrates JavaScript's unique approach to object creation and inheritance. It utilizes the concept of ""capabilities"" to extend the functionality of objects. Capabilities are mixins, which are objects that provide specific behaviors or features.

* **Capabilities:**  JSWindows uses capabilities to add features like ""Closable,"" ""Movable,"" ""Button_sizable,"" and ""Maskable"" to its Window objects. This allows for a more modular and flexible approach to object design, as you can easily add or remove capabilities as needed.
* **Inheritance:**  JSWindows employs a combination of class-based and prototypal inheritance. It uses a base ""Window"" class and then extends it with capabilities. This approach allows for a more flexible inheritance structure, where objects can inherit from multiple prototypes (capabilities) and still maintain a clear hierarchy.

**Key Takeaways:**

* JavaScript's object model is more flexible and dynamic than traditional class-based OOP.
* Prototypes are central to JavaScript's object creation and inheritance.
* The JSWindows library demonstrates how capabilities and a hybrid inheritance approach can be used to create flexible and modular object systems.

In essence, JavaScript's object model offers a powerful and adaptable approach to object-oriented programming, allowing developers to create flexible and dynamic applications. 
"
"* **Refined:** When working with constructors in JavaScript, what is the purpose of the `this` parameter? How does it relate to the object being created, and how is it used within the constructor function, as demonstrated in the JSWindows library, considering the library's use of constructors and its approach to inheritance?","The provided text doesn't mention the JSWindows library, so I can't answer your question about its specific use of constructors and inheritance. 

However, I can explain the general purpose of the `this` parameter in JavaScript constructors:

**Purpose of `this` in Constructors:**

* **Reference to the New Object:** Inside a constructor function, `this` refers to the newly created object that is being initialized. It's like a placeholder for the object that will be returned by the `new` operator.
* **Setting Properties:** You use `this` to assign properties and values to the object being created. For example:

   ```javascript
   function Dog(name, breed) {
       this.name = name;
       this.breed = breed;
   }
   ```

   Here, `this.name` and `this.breed` are setting properties on the `Dog` object being created.

**How `this` Relates to the Object:**

* **Implicit Binding:** When you use the `new` operator to call a constructor, JavaScript automatically sets the value of `this` inside the constructor to the newly created object.
* **Object Initialization:**  The constructor function uses `this` to initialize the object's properties and potentially perform other setup tasks.

**Example:**

```javascript
function Car(make, model, year) {
    this.make = make;
    this.model = model;
    this.year = year;
    this.startEngine = function() {
        console.log(""Engine started!"");
    };
}

let myCar = new Car(""Toyota"", ""Camry"", 2023);

console.log(myCar.make); // Output: ""Toyota""
myCar.startEngine(); // Output: ""Engine started!""
```

**Important Notes:**

* **`this` is Dynamic:** The value of `this` can change depending on how a function is called. In constructors, it's always bound to the new object.
* **Constructor Return Value:**  Constructors implicitly return `this` if no explicit `return` statement is used.

**Without information about the JSWindows library's specific implementation, I can't provide details on how it uses constructors and inheritance. However, the general principles of `this` in constructors apply across JavaScript code.** 
"
"* **Refined:** Explain the concept of composition in OOP, contrasting it with inheritance. Using the JSWindows library as an example, demonstrate how composition can be used to achieve code reuse and flexibility in JavaScript, highlighting specific examples from the library, considering the library's emphasis on composition and its approach to inheritance.","## Composition vs. Inheritance in OOP: A JSWindows Perspective

In Object-Oriented Programming (OOP), **composition** and **inheritance** are two fundamental mechanisms for code reuse and structuring relationships between objects. While both aim to achieve similar goals, they differ in their approach and implications.

**Inheritance** is often described as the ""is-a"" relationship. A class inherits properties and methods from its parent class, creating a hierarchical structure. For example, a ""Dog"" class might inherit from a ""Mammal"" class, inheriting traits like having fur and giving birth to live young.

**Composition**, on the other hand, represents the ""has-a"" relationship. A class contains instances of other classes as properties, allowing it to leverage their functionality. For example, a ""Car"" class might have a ""Engine"" object as a property, reusing the engine's functionality without inheriting its entire structure.

**JSWindows** is a JavaScript library that emphasizes composition over inheritance. It demonstrates how this approach can lead to more flexible and maintainable code.

**Composition in JSWindows:**

* **Complex Properties:** JSWindows utilizes composition to handle complex properties like borders. Instead of inheriting a generic ""border"" property, each object has a `Borders` object as a property. This allows for fine-grained control over individual border properties (width, type, color) without inheriting unnecessary complexity.

* **Code Reuse:** The `Wobj` constructor, used to create onscreen objects, demonstrates composition. It takes arguments for the parent container, ID, HTML element type, position/size, borders, and styles. This allows for creating diverse objects with varying properties without relying on inheritance.

* **Flexibility:** The `Wobj` constructor's reliance on composition allows for creating objects with different combinations of properties. For example, a simple text object might only require a parent container, ID, and text content, while a more complex window object might require all the arguments.

**JSWindows' Approach to Inheritance:**

While JSWindows emphasizes composition, it still uses inheritance to some extent. However, it avoids deep inheritance hierarchies and prefers to use inheritance for specific cases, such as extending the functionality of existing objects.

**Example:**

The `Window_M_BS` constructor extends the `Window` constructor, adding functionality for movable and sizable windows. This demonstrates how inheritance can be used to extend existing functionality without relying solely on composition.

**Benefits of Composition in JSWindows:**

* **Flexibility:** Composition allows for creating objects with different combinations of properties and behaviors, leading to more flexible and adaptable code.
* **Maintainability:** Composition promotes modularity, making it easier to maintain and update individual components without affecting other parts of the system.
* **Code Reuse:** Composition allows for reusing existing objects and their functionality without inheriting unnecessary complexity.

**Conclusion:**

JSWindows demonstrates how composition can be a powerful tool for building flexible and maintainable JavaScript applications. By emphasizing composition over inheritance, JSWindows promotes modularity, code reuse, and flexibility, making it a valuable example of how to leverage OOP principles effectively in JavaScript.
"
"* **Refined:** While inheritance is a powerful tool, it's important to use it judiciously in JavaScript. Explain why this is the case, and discuss alternative approaches to inheritance that are often favored in JavaScript development, as demonstrated by the JSWindows library's use of capabilities and its approach to inheritance.","You're right to point out that inheritance, while powerful, should be used carefully in JavaScript. Here's why, along with the alternatives JSWindows uses:

**Why Inheritance Can Be Tricky in JavaScript**

* **Prototypal Inheritance:** JavaScript's prototypal inheritance model is different from traditional class-based inheritance. It can lead to complex and sometimes confusing relationships between objects, especially when dealing with multiple inheritance.
* **Performance:** Deep inheritance hierarchies can impact performance, especially in JavaScript's single-threaded environment.  
* **Tight Coupling:** Inheritance creates a tight coupling between parent and child classes. Changes in the parent class can unintentionally break child classes.

**Alternatives Favored in JavaScript**

* **Capabilities:** JSWindows uses ""capabilities"" as a way to implement inheritance-like behavior without the drawbacks of traditional inheritance. Capabilities are essentially mixins that add functionality to objects. They are independent of any specific class hierarchy, allowing for more flexible and modular code.
* **Composition:**  Composition is another popular alternative to inheritance. Instead of inheriting from a parent class, objects are composed of smaller, independent objects. This promotes loose coupling and makes it easier to reuse and modify code.
* **Prototypal Delegation:** JavaScript's prototypal nature allows for delegation. Instead of inheriting directly, objects can delegate certain methods or properties to other objects. This provides a more flexible and dynamic approach to inheritance.

**JSWindows' Approach**

JSWindows demonstrates these alternatives:

* **Capabilities:**  The library uses capabilities to add features like ""Closable"" or ""Button_sizable"" to objects. This allows for a more flexible and modular approach to adding functionality.
* **Short Inheritance Chains:** JSWindows keeps its inheritance chains short, focusing on a core hierarchy (Wobj, Rect, Window) and then using capabilities to extend functionality. This helps to manage complexity and improve performance.

**In Summary**

While inheritance is a powerful tool, JavaScript's prototypal nature and performance considerations make it important to use it judiciously. Capabilities, composition, and prototypal delegation offer more flexible and often more performant alternatives for achieving inheritance-like behavior in JavaScript. JSWindows provides a great example of how these techniques can be used effectively. 
"
"* **Refined:** When extending a base family in JavaScript, how can you create a method in the extending family that has the same name as a method in the base family? Why might you want to call the base family's method from within the overridden method in the extending family? Provide an example using the `toString()` method, drawing from the JSWindows library, considering the library's approach to inheritance and its use of capabilities.","You can create a method in the extending family that has the same name as a method in the base family by simply defining a method with that name in the extending family's prototype. This will override the base family's method.

You might want to call the base family's method from within the overridden method in the extending family for a few reasons:

* **Reusing existing functionality:** The base family's method might already have useful logic that you want to reuse in the extending family's method. Calling the base family's method allows you to build upon its existing functionality.
* **Maintaining consistency:** You might want to ensure that the extending family's method behaves in a similar way to the base family's method, but with some additional functionality. Calling the base family's method helps maintain consistency in behavior.
* **Accessing inherited properties:** The base family's method might access properties that are inherited from the base family. Calling the base family's method allows you to access these inherited properties within the extending family's method.

Here's an example using the `toString()` method, drawing from the JSWindows library:

```javascript
// Base family (Wobj)
function Wobj(x, y, width, height) {
  Wobj.init(this, x, y, width, height);
}

Wobj.init = function(inst, x, y, width, height) {
  inst.x = x;
  inst.y = y;
  inst.width = width;
  inst.height = height;
};

Wobj.prototype.toString = function() {
  return `Wobj{x=${this.x}, y=${this.y}, width=${this.width}, height=${this.height}}`;
};

// Extending family (Rect)
function Rect(x, y, width, height) {
  Rect.init(this, x, y, width, height);
}

Rect.init = function(inst, x, y, width, height) {
  Wobj.init(inst, x, y, width, height);
};

Rect.prototype.toString = function() {
  return `Rect{${Wobj.prototype.toString.call(this)}}`;
};

// Example usage
var rect = new Rect(10, 20, 100, 50);
console.log(rect.toString()); // Output: Rect{Wobj{x=10, y=20, width=100, height=50}}
```

In this example, the `Rect` family extends the `Wobj` family. The `Rect` family's `toString()` method calls the `Wobj` family's `toString()` method using `Wobj.prototype.toString.call(this)`. This allows the `Rect` family's `toString()` method to include the properties inherited from the `Wobj` family in its output.

The JSWindows library uses a similar approach to inheritance, with families extending each other and using `init()` methods to initialize properties. The library also uses capabilities, which are essentially interfaces that define a set of methods that a family must implement. This allows for more flexible and modular code, as families can implement different capabilities without needing to inherit from a specific base family.

By using this approach, the JSWindows library can create a complex hierarchy of families, each with its own unique set of properties and methods, while still maintaining a consistent and reusable codebase.
"
"* **Refined:** Explain how inheritance can be used to create chains of families in JavaScript, where one family extends another, and that family extends another, and so on, as demonstrated in the JSWindows library. How can this lead to ambiguity when trying to refer to a specific base family in the chain, considering the library's approach to inheritance and its use of capabilities?","The JSWindows library demonstrates a cascading inheritance pattern where families (classes) extend each other in a chain. For example, the `Window_M_BS` family extends the `Window_M` family, which in turn extends the `Window` family. This allows for a hierarchical structure where each family inherits properties and methods from its parent family, creating a chain of functionality.

However, this approach can lead to ambiguity when trying to refer to a specific base family in the chain. Here's why:

* **Capabilities:** The JSWindows library uses capabilities, which are essentially implemented interfaces that add properties and methods to objects. These capabilities can be applied to any object, regardless of its inheritance chain. This means that a family might inherit a capability from its parent family, but then have its own implementation of that capability, potentially overriding the parent's implementation.
* **Overriding Methods:** When a family extends another, it can override methods inherited from its parent. This can make it difficult to determine which family's implementation of a method is being used, especially if the method is called through a chain of inheritance.
* **Constructor Calls:** The JSWindows library uses a cascading `init()` method approach for constructors. This means that when a family is instantiated, its constructor calls the constructor of its parent family, and so on up the chain. This can make it difficult to track which constructor is responsible for initializing a specific property or method.

**Example:**

Imagine a family `E` that extends `B`, which in turn extends `A`.  `E` might have its own implementation of a `toString()` method, overriding the one inherited from `B`. If you call `toString()` on an instance of `E`, it's not immediately clear whether you're getting the implementation from `E`, `B`, or `A`.

**Ambiguity Resolution:**

To mitigate this ambiguity, the JSWindows library relies on a few strategies:

* **Explicitly Calling Base Family Methods:**  The library often uses the `call()` method to explicitly call methods from a specific base family. This allows for more control over which implementation is used.
* **Naming Conventions:** The library uses naming conventions to help distinguish between families and their capabilities. For example, a capability might be named `Closable_B` to indicate that it's a `Closable` capability specific to the `B` family.
* **Documentation:**  Clear documentation is crucial to understanding the inheritance hierarchy and the capabilities used in the JSWindows library.

**In summary:** While the cascading inheritance pattern in JSWindows allows for a flexible and powerful system, it can lead to ambiguity when trying to pinpoint the origin of specific properties and methods. The library uses various strategies to address this, but careful documentation and understanding of the inheritance structure are essential for developers working with it. 
"
"* **Refined:** Describe the concept of prototypal inheritance in JavaScript, contrasting it with class-based inheritance. How does prototypal inheritance work, and what are its advantages and disadvantages compared to class-based inheritance, as demonstrated in the JSWindows library, considering the library's approach to inheritance and its use of capabilities?","## Prototypal Inheritance in JavaScript

Prototypal inheritance is a core concept in JavaScript, offering a flexible and dynamic approach to object-oriented programming. Unlike class-based inheritance, where objects inherit properties and methods from a defined class, prototypal inheritance works by linking objects to prototypes.

**How it works:**

1. **Prototype Chain:** Every object in JavaScript has a hidden `[[Prototype]]` property, which points to another object. This creates a chain of prototypes, starting from the object itself and going up to the `Object.prototype` at the top.
2. **Property Lookup:** When you access a property or method on an object, JavaScript first checks if it exists directly on the object. If not, it searches the object's prototype, then the prototype of that prototype, and so on, until it finds the property or reaches the end of the chain.
3. **Inheritance:**  Objects inherit properties and methods from their prototypes. This means that changes to a prototype's properties or methods are reflected in all objects that inherit from it.

**Advantages of Prototypal Inheritance:**

* **Flexibility:** Prototypal inheritance allows for dynamic inheritance, where you can change the prototype of an object at runtime, affecting all its descendants.
* **Dynamic Prototypes:** You can create new prototypes on the fly, making it easy to extend existing objects with new functionality.
* **Minimal Syntax:** Prototypal inheritance is simpler to implement than class-based inheritance, requiring less boilerplate code.

**Disadvantages of Prototypal Inheritance:**

* **Complexity:** The concept of prototype chains can be challenging to grasp for beginners.
* **Debugging:** Debugging inheritance issues can be difficult due to the hidden nature of the `[[Prototype]]` property.
* **Code Clarity:** Prototypal inheritance can lead to less clear and maintainable code, especially in large projects.

## JSWindows and Inheritance

The JSWindows library, as described in the provided context, uses a class-based approach to inheritance. It relies on the `extends()` function to inherit properties and methods from base classes. This approach offers the following advantages:

* **Clearer Code:** Class-based inheritance provides a more structured and readable way to organize code, making it easier to understand the relationships between objects.
* **Maintainability:** Class-based inheritance makes it easier to maintain code, as changes to a base class are automatically reflected in all its subclasses.
* **Performance:** Class-based inheritance can be more performant than prototypal inheritance, especially in large projects, as it avoids the overhead of prototype chain lookups.

**JSWindows and Capabilities:**

JSWindows utilizes the concept of ""capabilities"" to provide a flexible and modular way to extend objects with specific functionalities. Capabilities are essentially functions that can be added to objects, allowing them to perform specific actions. This approach offers the following advantages:

* **Modularity:** Capabilities allow you to add functionality to objects without modifying their core structure.
* **Flexibility:** You can easily add or remove capabilities from objects at runtime, adapting them to different situations.
* **Reusability:** Capabilities can be reused across different objects, promoting code reuse and reducing redundancy.

**Conclusion:**

While prototypal inheritance offers flexibility and dynamic behavior, JSWindows' class-based approach with capabilities provides a more structured and maintainable solution for building complex applications. This approach balances the benefits of both paradigms, offering a clear and efficient way to manage inheritance and extend objects with specific functionalities.
"
"* **Refined:** Explain the concept of composition in OOP, contrasting it with inheritance. Using the JSWindows library as an example, demonstrate how composition can be used to achieve code reuse and flexibility in JavaScript, highlighting specific examples from the library, considering the library's emphasis on composition and its approach to inheritance.","## Composition vs. Inheritance in OOP: A JSWindows Perspective

In object-oriented programming (OOP), **composition** and **inheritance** are two fundamental mechanisms for code reuse and building complex objects. While both offer advantages, they differ in their approach and implications.

**Inheritance** is the ""is-a"" relationship. A class inherits properties and methods from its parent class, creating a hierarchical structure. For example, a ""Dog"" class might inherit from a ""Mammal"" class, inheriting traits like having fur and giving birth to live young.

**Composition**, on the other hand, is the ""has-a"" relationship. A class contains instances of other classes as properties, allowing it to leverage their functionality. For example, a ""Car"" class might have a ""Engine"" object as a property, reusing the engine's functionality without inheriting its entire structure.

**JSWindows** is a JavaScript library that emphasizes composition over inheritance. This approach offers several benefits:

**1. Flexibility and Code Reuse:**

* **JSWindows** uses composition extensively to build complex objects. For instance, a ""Window"" object might have a ""Borders"" object as a property, allowing it to customize its borders without inheriting the entire ""Borders"" class. This promotes flexibility, as you can easily change the border type or style without affecting the core ""Window"" functionality.
* **Example:** The code snippet for creating a page title in JSWindows (Listing 3-3) demonstrates composition. The `Wobj` constructor takes a `Borders` object as an argument, allowing the title to have customized borders without inheriting the entire `Borders` class.

**2. Reduced Complexity:**

* By favoring composition, **JSWindows** avoids creating deep inheritance hierarchies, which can become complex and difficult to maintain. This approach keeps the code cleaner and easier to understand.

**3. Enhanced Testability:**

* Composition makes it easier to test individual components in isolation. Since objects are composed of smaller, independent parts, you can test each part separately, ensuring the overall system's reliability.

**JSWindows' Approach to Inheritance:**

* While **JSWindows** emphasizes composition, it still uses inheritance to a limited extent. For example, it uses inheritance to extend the functionality of basic objects like `Rect` to create more specialized objects like `Window`.
* However, **JSWindows** avoids excessive inheritance by using a technique called ""cascading init() methods."" This allows for extending functionality without creating complex inheritance chains.

**In summary, JSWindows' approach to composition and inheritance demonstrates the benefits of favoring composition for code reuse and flexibility. By carefully choosing when to use inheritance and composition, JSWindows achieves a balance between code reusability and maintainability.**
"
"* **Refined:** While inheritance is a powerful tool, it's important to use it judiciously in JavaScript. Explain why this is the case, and discuss alternative approaches to inheritance that are often favored in JavaScript development, as demonstrated by the JSWindows library's use of capabilities and its approach to inheritance.","You're right to point out that inheritance, while powerful, should be used carefully in JavaScript. Here's why, along with the alternatives JSWindows uses:

**Why Inheritance Can Be Tricky in JavaScript**

* **Prototypal Inheritance:** JavaScript's prototypal inheritance model is different from traditional class-based inheritance. It can lead to complex and sometimes confusing relationships between objects, especially when dealing with multiple inheritance.
* **Performance:** Deep inheritance chains can impact performance, as JavaScript has to traverse the prototype chain to find the correct method or property.
* **Tight Coupling:** Inheritance creates a tight coupling between parent and child classes. Changes to the parent class can unintentionally break the child class.

**Alternatives Favored in JavaScript**

* **Capabilities:** JSWindows uses ""capabilities"" as a way to add functionality to objects without relying on inheritance. Capabilities are essentially mixins that provide specific behaviors or features. This approach offers several advantages:
    * **Flexibility:** Capabilities can be applied to any object, regardless of its inheritance hierarchy.
    * **Loose Coupling:** Capabilities are independent of the object's class, reducing the risk of breaking code when changes are made.
    * **Reusability:** Capabilities can be easily reused across different objects and classes.
* **Composition:** Instead of inheriting from a parent class, objects can be composed of smaller, independent objects. This allows for more flexible and modular code.
* **Prototypal Delegation:** JavaScript's prototypal nature allows for direct delegation of properties and methods. This can be a more lightweight and flexible approach than traditional inheritance.

**JSWindows' Approach**

JSWindows demonstrates these principles:

* **Short Inheritance Chains:** The library uses a relatively shallow inheritance hierarchy, focusing on core object types like `Wobj`, `Rect`, and `Window`.
* **Capabilities for Functionality:**  Capabilities like `Closable`, `Maskable`, and `Button_sizable` are used to add specific features to objects, rather than relying solely on inheritance.
* **Composition:**  Objects are often composed of smaller, independent objects, such as `Borders` and `Pos_size`, which encapsulate specific data and functionality.

**Conclusion**

JSWindows' approach to inheritance highlights the benefits of using alternatives like capabilities and composition in JavaScript. These techniques promote flexibility, reusability, and maintainability, making code easier to understand and modify. While inheritance has its place, it's important to consider these alternatives to create more robust and adaptable JavaScript applications. 
"
"* **Refined:** Explain the concept of closures in JavaScript. How can closures be used to create private properties and methods within an object, effectively implementing encapsulation, as demonstrated in the JSWindows library, considering the library's approach to encapsulation and its use of capabilities? Provide an example.","## Closures in JavaScript and Encapsulation in JSWindows

Closures in JavaScript are a powerful mechanism that allows functions to ""remember"" and access variables from their surrounding scope, even after the outer function has finished executing. This creates a private space within the function, effectively implementing encapsulation.

**How Closures Work:**

1. **Outer Function:** A function is defined, containing variables and inner functions.
2. **Inner Function:** An inner function is defined within the outer function. This inner function has access to the variables declared in the outer function's scope.
3. **Closure Creation:** When the outer function is executed, it returns the inner function. The inner function now ""closes over"" the outer function's scope, meaning it retains access to the outer function's variables even after the outer function has finished executing.

**Encapsulation with Closures:**

Closures can be used to create private properties and methods within an object by:

1. **Defining a Closure:** Create a function that acts as a closure, containing the private properties and methods.
2. **Returning an Object:** The closure function returns an object that exposes only the desired public methods. These methods can access the private properties and methods within the closure.

**JSWindows and Encapsulation:**

The JSWindows library uses closures to implement encapsulation in its ""capabilities"" approach. Capabilities are essentially mixins that provide specific functionalities to objects. Each capability is implemented as a closure, encapsulating its private properties and methods.

**Example:**

Let's consider a simplified example of a ""Closable"" capability in JSWindows, using closures to encapsulate the private state of a close button:

```javascript
function Closable(window) {
  let button = null; // Private property

  function createButton() {
    // Create a close button element
    button = document.createElement('button');
    button.textContent = 'Close';
    button.addEventListener('click', closeWindow);
    // Append the button to the window
    window.appendChild(button);
  }

  function closeWindow() {
    // Close the window
    window.remove();
  }

  // Public method to initialize the capability
  this.init = function() {
    createButton();
  };

  // Return the public interface
  return this;
}

// Usage
let myWindow = document.createElement('div');
let closable = new Closable(myWindow);
closable.init(); // Creates the close button
```

In this example:

- `Closable` is a closure function that encapsulates the private `button` property and the `createButton` and `closeWindow` methods.
- The `init` method is the only public method exposed, allowing the user to initialize the capability.
- The `button` property is private and cannot be accessed directly from outside the closure.
- The `createButton` and `closeWindow` methods are also private, only accessible within the closure.

This demonstrates how closures can be used to effectively implement encapsulation in JavaScript, providing a way to manage private state and behavior within objects. The JSWindows library leverages this approach to create modular and reusable capabilities, enhancing code organization and maintainability.
"
"* **Refined:** Explain how namespace objects are used in JavaScript to organize code and prevent naming conflicts, especially in the context of large projects or when working with multiple libraries, as demonstrated in the JSWindows library, considering the library's approach to organization and its use of capabilities. Provide an example.","The provided text doesn't explicitly demonstrate the use of namespace objects within the JSWindows library. However, it does highlight the importance of organizing code and preventing naming conflicts, especially in large projects. 

Here's how namespace objects are used in JavaScript to address these issues:

**Namespace Objects: A Solution to Naming Conflicts**

JavaScript lacks built-in namespaces. This means that if you and another developer both create a variable named `myFunction`, you'll run into a conflict. Namespace objects provide a way to encapsulate your code within a distinct container, preventing such collisions.

**Example:**

Let's say you're building a web application with two modules: `imageGallery` and `dataManager`.  You could use namespace objects to organize their code:

```javascript
// imageGallery namespace
var imageGallery = {
  // Functions and variables related to the image gallery
  displayImage: function(imageUrl) {
    // ...
  },
  // ...
};

// dataManager namespace
var dataManager = {
  // Functions and variables related to data management
  fetchImages: function() {
    // ...
  },
  // ...
};
```

Now, both modules can have functions named `displayImage` without conflict because they are contained within their respective namespaces.

**Benefits of Namespace Objects:**

* **Organization:** Namespace objects help structure your code, making it easier to understand and maintain.
* **Collision Prevention:** They prevent naming conflicts, especially when working with multiple libraries or large teams.
* **Modularity:** They promote modularity, allowing you to develop and reuse code independently.

**JSWindows and Capabilities:**

While the provided text doesn't explicitly use namespace objects, it emphasizes the importance of organizing code and sharing functionality. The JSWindows library uses ""capabilities"" to achieve this. Capabilities are essentially mixins that add functionality to objects, allowing for code reuse and modularity.

**Example:**

Imagine you have a `Window` object in JSWindows. You can add the `Closable` capability to it, which provides the functionality to close the window. This capability is independent of the `Window` object's core functionality and can be applied to other objects as well.

**Conclusion:**

Namespace objects are a powerful tool for organizing JavaScript code and preventing naming conflicts. While the JSWindows library doesn't explicitly use namespace objects, it demonstrates the importance of modularity and code reuse through its use of capabilities. 
"
"* **Refined:** Describe the concept of capabilities in JavaScript, contrasting it with traditional inheritance and mixins. How are capabilities used to extend object functionality, and what are their advantages and disadvantages? Provide an example using the JSWindows library, considering the library's emphasis on capabilities and its approach to inheritance.","## Capabilities in JavaScript: A Powerful Alternative to Inheritance and Mixins

Capabilities in JavaScript offer a unique approach to extending object functionality, distinct from traditional inheritance and mixins. They provide a way to add specific behaviors and properties to objects without relying on a strict hierarchical structure.

**Traditional Inheritance:**

* **Concept:**  A hierarchical relationship where child classes inherit properties and methods from parent classes.
* **Advantages:**  Clear structure, code reuse, polymorphism.
* **Disadvantages:**  Rigid structure, potential for complex hierarchies, limited flexibility in adding functionality to existing objects.

**Mixins:**

* **Concept:**  Functions that add methods and properties to objects, often used to share common functionality across different classes.
* **Advantages:**  Flexibility, code reuse, avoids complex inheritance hierarchies.
* **Disadvantages:**  Can lead to scattered code, potential for name collisions, less clear structure than inheritance.

**Capabilities:**

* **Concept:**  Objects that define specific behaviors and properties, which can be ""implemented"" by other objects.
* **Advantages:**  Flexibility, code reuse, avoids complex inheritance hierarchies, allows for targeted functionality addition.
* **Disadvantages:**  Can be less intuitive than inheritance, requires careful design to avoid conflicts.

**How Capabilities Extend Object Functionality:**

Capabilities are implemented by calling the `implements()` method on an object, passing the capability name as an argument. This attaches the capability's properties and methods to the object, effectively extending its functionality.

**JSWindows Example:**

JSWindows utilizes capabilities extensively, favoring them over traditional inheritance. The library defines various capabilities like `Closable`, `Maskable`, and `Button_sizable`, which can be applied to different types of windows.

* **Window:** A basic window object, inheriting from `Rect`.
* **Closable:** A capability that adds a close button and associated logic to a window.
* **Maskable:** A capability that allows a window to be modal, blocking interaction with other elements.
* **Button_sizable:** A capability that adds resize buttons to a window.

Instead of creating separate subclasses for each combination of features (e.g., `Window_Closable_Maskable`), JSWindows allows developers to create a basic `Window` object and then implement the desired capabilities as needed. This approach provides flexibility and avoids the complexity of a large inheritance hierarchy.

**Example:**

```javascript
// Create a basic window
let myWindow = new Window(...);

// Add the Closable capability
myWindow.implements('Closable');

// Add the Button_sizable capability
myWindow.implements('Button_sizable');
```

This code creates a window with both close and resize buttons, demonstrating the flexibility of capabilities in extending object functionality.

**Conclusion:**

Capabilities offer a powerful alternative to traditional inheritance and mixins in JavaScript. They provide a flexible and modular approach to extending object functionality, allowing for targeted additions without the need for complex hierarchies. JSWindows demonstrates the effectiveness of this approach, showcasing how capabilities can simplify code and enhance flexibility in object-oriented programming.
"
"* **Refined:** Explain the concept of polymorphism in OOP, focusing on subtype polymorphism. How is polymorphism achieved in JavaScript, and what are its benefits? Provide examples, drawing from the JSWindows library, considering the library's approach to polymorphism and its use of capabilities.","## Polymorphism in OOP: Subtype Polymorphism and JavaScript

Polymorphism, a core OOP principle, allows objects of different classes to be treated as objects of a common superclass. This means you can use the same interface (methods) to interact with objects of different types, promoting code reusability and flexibility.

**Subtype Polymorphism:** This specific type of polymorphism focuses on the relationship between a superclass and its subclasses. Subclasses inherit methods from the superclass, but they can also override or extend these methods to provide specialized behavior. This allows you to treat objects of different subclasses uniformly through the superclass interface, even though they might behave differently under the hood.

**Polymorphism in JavaScript:** JavaScript, being a prototype-based language, achieves polymorphism through its prototype chain and the concept of ""duck typing.""

* **Prototype Chain:** Objects inherit properties and methods from their prototypes. When you call a method on an object, JavaScript searches up the prototype chain until it finds the method definition. This allows you to define a method in a base prototype and have it inherited by all its subclasses, even if they override or extend it.
* **Duck Typing:** JavaScript doesn't rely on strict type checking. If an object has the required methods, it can be treated as if it belongs to a specific type, regardless of its actual class. This allows for flexible and dynamic interactions between objects.

**Benefits of Polymorphism:**

* **Code Reusability:** You can write generic code that works with objects of different types, reducing code duplication.
* **Flexibility:** You can easily add new subclasses without breaking existing code, as long as they adhere to the superclass interface.
* **Maintainability:** Changes to a subclass's implementation don't affect the code that interacts with it through the superclass interface.

**JSWindows and Polymorphism:**

The JSWindows library, while not explicitly using class-based inheritance, demonstrates polymorphism through its use of capabilities and the prototype chain.

* **Capabilities:** Capabilities, like `Closable` or `Maskable`, represent behaviors that can be implemented by different objects. This allows for polymorphism, as objects of different families can implement the same capability, enabling them to be treated uniformly through the capability interface.
* **Prototype Chain:** The library uses prototype inheritance to define common methods and properties for different object families. For example, the `Window` object inherits from the `Rect` object, inheriting its methods and properties. This allows for polymorphism, as different window types can be treated as `Rect` objects, even though they might have additional properties or methods specific to their type.

**Example:**

Consider the `Closable` capability in JSWindows. Different objects, like `Window` and `Text`, can implement this capability, allowing them to be closed. The `Closable` interface provides a `close()` method, which can be called on any object implementing the capability, regardless of its specific type.

```javascript
// Window object implementing Closable
window.close(); // Calls the close() method defined in the Closable capability

// Text object implementing Closable
text.close(); // Calls the close() method defined in the Closable capability
```

In this example, both `window` and `text` objects can be closed using the same `close()` method, even though they are different types. This demonstrates the power of polymorphism in achieving code reusability and flexibility.

**Conclusion:**

Polymorphism is a powerful OOP principle that promotes code reusability, flexibility, and maintainability. JavaScript, through its prototype chain and duck typing, provides a flexible and dynamic way to achieve polymorphism. The JSWindows library demonstrates this principle through its use of capabilities and prototype inheritance, allowing for diverse objects to be treated uniformly through common interfaces.
"
"* **Refined:** Explain the concept of abstraction in OOP, particularly in the context of designing base classes. How does abstraction relate to JavaScript's object model, and how can it be applied in JavaScript development, as demonstrated in the JSWindows library, considering the library's approach to abstraction and its use of capabilities?","## Abstraction in OOP and JavaScript

Abstraction is a fundamental OOP principle that simplifies complex systems by focusing on essential features and hiding unnecessary details. In the context of base classes, abstraction allows us to define a common interface for a group of related objects, without exposing the specific implementation details of each object.

**How Abstraction Relates to JavaScript's Object Model:**

JavaScript's object model is inherently prototypal, meaning objects inherit properties and methods from their prototypes. This allows for a flexible and dynamic approach to abstraction. We can define base classes (prototypes) that provide a common interface, and then create specialized objects (instances) that inherit from these base classes and implement the interface in their own way.

**Applying Abstraction in JavaScript Development:**

Here's how abstraction can be applied in JavaScript development, using the JSWindows library as an example:

1. **Defining Base Classes:** JSWindows uses base classes like `Rect` and `Wobj` to represent fundamental building blocks of the UI. These classes define common properties and methods that are shared by all window objects, such as position, size, and drawing functions.

2. **Implementing Capabilities:** JSWindows introduces the concept of ""capabilities"" to represent specific functionalities that can be added to objects. Capabilities are independent of any particular class and can be applied to different objects as needed. For example, the `Closable` capability allows an object to be closed, while the `Maskable` capability allows an object to be displayed as a modal dialog.

3. **Abstraction through Capabilities:** Capabilities provide a powerful mechanism for abstraction. They allow us to define specific functionalities without tying them to a particular class. This promotes code reusability and flexibility, as capabilities can be applied to different objects as needed.

**JSWindows' Approach to Abstraction:**

JSWindows leverages abstraction through its use of base classes and capabilities. By defining common interfaces and functionalities through these mechanisms, the library simplifies the development of complex UI elements. Developers can focus on the essential features of each object, without needing to worry about the underlying implementation details.

**Example:**

Consider the `Window` object in JSWindows. It inherits from the `Rect` class, which provides basic properties and methods for drawing and positioning. However, the `Window` object also implements the `Closable` and `Maskable` capabilities, allowing it to be closed and displayed as a modal dialog. This demonstrates how abstraction allows us to combine basic functionalities (from the `Rect` class) with specific behaviors (from the capabilities) to create a complex and reusable object.

**In Summary:**

Abstraction is a powerful tool in OOP that simplifies complex systems by focusing on essential features and hiding unnecessary details. JavaScript's prototypal object model provides a flexible and dynamic approach to abstraction, allowing us to define base classes and capabilities that can be reused and extended in various ways. The JSWindows library demonstrates how abstraction can be effectively applied in JavaScript development, promoting code reusability, flexibility, and maintainability.
"
"* **Refined:** Explain the concept of interfaces in OOP, particularly in the context of defining contracts for object behavior. How are interfaces implemented in JavaScript, and what are their benefits? Provide an example, drawing from the JSWindows library, considering the library's approach to interfaces and its use of capabilities.","## Interfaces in OOP: Defining Contracts for Object Behavior

In Object-Oriented Programming (OOP), interfaces act as **contracts** that define the **public behavior** of an object. They specify the methods an object must implement, without dictating how those methods are implemented. This allows for:

* **Loose Coupling:** Objects can interact with each other based on the interface contract, without needing to know the specific implementation details of each other.
* **Polymorphism:** Objects of different types can be treated uniformly as long as they implement the same interface. This promotes code reusability and flexibility.
* **Abstraction:** Interfaces hide implementation details, focusing on the essential behavior of an object.

## Implementing Interfaces in JavaScript

JavaScript doesn't have explicit interface keywords like Java or C#. However, it achieves similar functionality through **duck typing** and **convention**.

* **Duck Typing:** If an object has the required methods, it's considered to implement the interface, regardless of its type.
* **Convention:** Developers often use naming conventions and documentation to indicate which methods are part of an interface.

## Interfaces and Capabilities in JSWindows

The JSWindows library, as described in the provided context, uses a concept called **capabilities** to achieve a similar effect to interfaces. Capabilities are essentially **mixin-like objects** that provide a set of methods and properties to enhance the functionality of other objects.

**Example:**

Consider the `Closable` capability in JSWindows. It defines methods like `close()` and `show()`, which control the visibility of a window. Any object that implements the `Closable` capability can be closed or shown, regardless of its specific type.

```javascript
// Example of a Window object implementing the Closable capability
function Window(options) {
  // ... other window properties and methods ...

  // Implement the Closable capability
  this.close = function() {
    // ... implementation to hide the window ...
  };

  this.show = function() {
    // ... implementation to show the window ...
  };
}

// Example of using the Closable capability
const myWindow = new Window({ /* options */ });
myWindow.close(); // Call the close() method defined by the Closable capability
```

**Benefits of Capabilities in JSWindows:**

* **Flexibility:** Capabilities can be applied to any object, regardless of its inheritance hierarchy.
* **Modularity:** Capabilities encapsulate specific functionalities, making code more organized and reusable.
* **Extensibility:** New capabilities can be added easily without modifying existing code.

**In summary:**

While JavaScript doesn't have explicit interface keywords, the JSWindows library uses capabilities to achieve a similar effect. Capabilities act as mixins that define contracts for object behavior, promoting loose coupling, polymorphism, and abstraction in the library's design.
"
"* **Refined:** Explain the ""diamond problem"" that can occur in multiple inheritance. How does JavaScript's object model address this issue, and what are the implications for JavaScript developers, as demonstrated in the JSWindows library, considering the library's approach to inheritance and its use of capabilities?","The ""diamond problem"" arises in multiple inheritance when a class inherits from two classes that share a common ancestor. This creates ambiguity about which version of a method or property from the common ancestor should be inherited.

**Example:**

Imagine classes `A`, `B`, and `C`, where `B` and `C` inherit from `A`, and a class `D` inherits from both `B` and `C`. If `A` has a method `foo()`, and both `B` and `C` override `foo()`, then `D` inherits two versions of `foo()`. Which one should be used?

**JavaScript's Solution:**

JavaScript doesn't directly support multiple inheritance in the traditional sense. Instead, it uses a prototypal inheritance model. This means that objects inherit properties and methods from their prototypes, which can themselves have prototypes, forming a chain.

JavaScript avoids the diamond problem by:

1. **Prototype Chains:**  When a property or method is accessed, JavaScript searches up the prototype chain until it finds a matching property or method. This ensures that only one version of a property or method is used, even if multiple prototypes in the chain define it.

2. **No Multiple Inheritance:** JavaScript doesn't allow a class to inherit from multiple classes directly. This eliminates the ambiguity of multiple inheritance.

**Implications for JavaScript Developers:**

* **Flexibility:** JavaScript's prototypal inheritance model provides flexibility in how objects inherit properties and methods. Developers can create complex inheritance hierarchies without the diamond problem.

* **Mixins:** JavaScript developers often use mixins to achieve similar functionality to multiple inheritance. Mixins are objects that contain methods and properties that can be added to other objects. This allows for modularity and code reuse.

**JSWindows Library:**

The JSWindows library uses a combination of prototypal inheritance and capabilities to create a flexible and powerful object model.

* **Prototypal Inheritance:** JSWindows uses prototypal inheritance to define base classes for different types of windows.

* **Capabilities:** JSWindows uses capabilities to add additional functionality to objects. Capabilities are objects that contain methods and properties that can be added to other objects. This allows for modularity and code reuse.

**Example:**

The JSWindows library might have a base `Window` class that defines basic window functionality. A `Closable` capability could be added to a `Window` object to make it closable. This approach avoids the diamond problem by using capabilities to add functionality instead of inheriting from multiple classes.

**Conclusion:**

JavaScript's prototypal inheritance model effectively addresses the diamond problem by using prototype chains and avoiding direct multiple inheritance. The JSWindows library leverages this model and uses capabilities to create a flexible and powerful object model.
"
"* **Refined:** Explain the concept of mixins in JavaScript, contrasting it with traditional inheritance. How are mixins used to add functionality to objects, and what are their advantages and disadvantages? Provide an example, drawing from the JSWindows library, considering the library's approach to mixins and its use of capabilities.","## Mixins in JavaScript: A Flexible Alternative to Inheritance

Mixins are a powerful technique in JavaScript that offer a way to add functionality to objects without relying on traditional inheritance. They provide a more flexible and modular approach to code organization, especially when compared to the limitations of class-based inheritance.

**Traditional Inheritance:**

* **Concept:**  A child class inherits properties and methods from a parent class, forming a hierarchical relationship.
* **Advantages:**  Clear structure, code reuse, and polymorphism.
* **Disadvantages:**  Can lead to rigid hierarchies, tight coupling between classes, and difficulty in adding functionality to existing classes without modifying their structure.

**Mixins:**

* **Concept:**  A mixin is a collection of methods and properties that can be ""mixed in"" to any object, regardless of its inheritance hierarchy.
* **Advantages:**
    * **Flexibility:**  Mixins allow you to add functionality to objects without altering their inheritance structure.
    * **Modularity:**  Mixins promote code reuse and modularity by encapsulating specific functionalities.
    * **Avoids Tight Coupling:**  Mixins decouple objects from specific inheritance paths, making them more adaptable.
* **Disadvantages:**
    * **Potential for Name Conflicts:**  Care must be taken to avoid name collisions when mixing in multiple mixins.
    * **Less Explicit Structure:**  Mixins can make code harder to understand, especially for beginners, as the inheritance structure is less explicit.

**JSWindows and Capabilities:**

The JSWindows library, as described in the provided context, utilizes a concept similar to mixins through its ""capabilities."" Capabilities are essentially functions or methods that can be added to any object, regardless of its inheritance hierarchy. This approach allows for flexible and modular design, enabling objects to acquire specific functionalities as needed.

**Example:**

Let's consider the `Button_sizable` capability in JSWindows. This capability provides functionality for resizing windows using buttons. Instead of creating a separate `Button_sizableWindow` class that inherits from `Window`, JSWindows allows you to add the `Button_sizable` capability to any `Window` instance:

```javascript
// Create a Window instance
let myWindow = new Window(...);

// Add the Button_sizable capability
myWindow.implements('Button_sizable'); 
```

This approach offers several advantages:

* **Flexibility:** You can add the `Button_sizable` capability to any `Window` instance, even if it inherits from a different class.
* **Modularity:** The `Button_sizable` capability is a self-contained unit, making it easy to reuse and maintain.
* **Avoids Tight Coupling:** The `Window` class doesn't need to be aware of the `Button_sizable` capability, making it more adaptable to future changes.

**Conclusion:**

Mixins, as implemented through capabilities in JSWindows, provide a powerful alternative to traditional inheritance. They offer flexibility, modularity, and reduced coupling, making them a valuable tool for building robust and adaptable JavaScript applications. 
"
"* **Refined:** Explain how method overriding works in JavaScript, particularly in the context of extending base families, as demonstrated in the JSWindows library. Why might you want to override a method, and how can you call the overridden method from the base family? Provide an example, considering the library's approach to inheritance and its use of capabilities.","Let's break down method overriding in JavaScript, focusing on the JSWindows library's approach.

**Method Overriding in JavaScript**

Method overriding is a core concept in object-oriented programming (OOP). It allows you to redefine a method in a subclass (extending family) that already exists in its superclass (base family). This lets you customize the behavior of the method for the specific subclass.

**Why Override Methods?**

* **Customization:** You want to provide a specialized implementation of a method for a particular subclass. For example, a `Window_M_BS` (Movable, Button-Sizable Window) might have a different `resize()` method than a basic `Window`.
* **Polymorphism:**  Method overriding is crucial for polymorphism, where you can treat objects of different classes (families) in a uniform way.  A single function can work with objects of various types, each responding differently based on their overridden methods.

**Calling the Overridden Method from the Base Family**

In JavaScript, you can access the overridden method from the base family using the `call()` or `apply()` methods. These methods allow you to explicitly set the `this` context for a function call.

**Example in JSWindows**

Let's imagine a scenario where we have a `Window` base family and a `Window_M_BS` extending family. The `Window` family has a `draw()` method that renders a basic window. The `Window_M_BS` family wants to override this method to add the button-sizing functionality.

```javascript
// Base Window family
function Window(width, height) {
  this.width = width;
  this.height = height;
}

Window.prototype.draw = function() {
  console.log(`Drawing a basic window of size ${this.width}x${this.height}`);
};

// Extending Window_M_BS family
function Window_M_BS(width, height) {
  Window.call(this, width, height); // Call the base constructor
}

Window_M_BS.prototype = Object.create(Window.prototype); // Inherit from Window
Window_M_BS.prototype.constructor = Window_M_BS;

Window_M_BS.prototype.draw = function() {
  Window.prototype.draw.call(this); // Call the overridden method
  console.log(""Adding button-sizing controls."");
};

// Usage
let basicWindow = new Window(200, 100);
basicWindow.draw(); // Output: Drawing a basic window of size 200x100

let sizableWindow = new Window_M_BS(300, 200);
sizableWindow.draw(); // Output: Drawing a basic window of size 300x200
                      //         Adding button-sizing controls.
```

**Key Points**

* **Inheritance:** JSWindows uses a combination of class-based inheritance and capabilities. Capabilities are mixins that add functionality to objects, often overriding existing methods.
* **Capabilities:** Capabilities are a powerful way to extend objects without creating complex inheritance hierarchies. They allow for flexibility and modularity.
* **`call()` Method:** The `call()` method is essential for calling overridden methods from the base family. It allows you to maintain the original functionality while adding new features.

This example demonstrates how method overriding and the `call()` method work together to create flexible and extensible object hierarchies in JavaScript, as seen in the JSWindows library. 
"
